{"timesteps": 36, "ep_reward": -75.57642470056135, "num_updates": 0, "episodes": 100, "_timestamp": 1717146408.657023, "_runtime": 61.017722845077515, "_step": 100, "_wandb": {"runtime": 60}}