{"timesteps": 200, "ep_reward": -412.7575294070674, "num_updates": 0, "episodes": 9, "_timestamp": 1717143506.0053377, "_runtime": 11.047892808914185, "_step": 9, "_wandb": {"runtime": 10}}