{"episode": 20000, "epsilon": 0, "ep_reward": 10.0, "timesteps": 10, "ep_reward_avg": 9.358, "_timestamp": 1718262519.5006158, "_runtime": 34.056193828582764, "_step": 20000, "_wandb": {"runtime": 33}}