{"episode": 20000, "epsilon": 0.09090909090909091, "ep_reward": 183.0, "timesteps": 183, "ep_reward_avg": 181.19, "_timestamp": 1718269497.3452444, "_runtime": 337.12938046455383, "_step": 20000, "_wandb": {"runtime": 326}}