{"timesteps": 200, "ep_reward": -412.7575294070674, "num_updates": 0, "episodes": 9, "_timestamp": 1717141383.060465, "_runtime": 10.974765062332153, "_step": 9, "_wandb": {"runtime": 10}}