{"timesteps": 200, "ep_reward": -412.7575294070674, "num_updates": 0, "episodes": 9, "_timestamp": 1717143540.3132334, "_runtime": 11.142119407653809, "_step": 9, "_wandb": {"runtime": 10}}