{"episode": 20000, "epsilon": 0.09090909090909091, "ep_reward": 183.0, "timesteps": 183, "ep_reward_avg": 181.19, "_timestamp": 1718193418.2062697, "_runtime": 346.75312185287476, "_step": 20000, "_wandb": {"runtime": 346}}