{"timesteps": 200, "ep_reward": -412.7575294070674, "num_updates": 0, "episodes": 9, "_timestamp": 1717140209.5154018, "_runtime": 11.252785921096802, "_step": 9, "_wandb": {"runtime": 10}}