{"timesteps": 200, "ep_reward": -499.2301798734263, "num_updates": 0, "episodes": 10, "_timestamp": 1717139577.2408693, "_runtime": 10.677111387252808, "_step": 10, "_wandb": {"runtime": 9}}