{"timesteps": 18, "ep_reward": -31.43817064218117, "num_updates": 0, "episodes": 500, "_timestamp": 1717145110.7763636, "_runtime": 214.9757046699524, "_step": 500, "_wandb": {"runtime": 214}}