{"episode": 2854, "epsilon": 0.4120313143798929, "ep_reward": 65.0, "timesteps": 65, "ep_reward_avg": 101.856, "_timestamp": 1718262899.3098238, "_runtime": 22.34053063392639, "_step": 2854, "_wandb": {"runtime": 21}}