{"timesteps": 200, "ep_reward": -412.7575294070674, "num_updates": 0, "episodes": 9, "_timestamp": 1717140365.844789, "_runtime": 11.317572116851807, "_step": 9, "_wandb": {"runtime": 10}}