{"timesteps": 200, "ep_reward": -412.7575294070674, "num_updates": 0, "episodes": 9, "_timestamp": 1717141531.5616088, "_runtime": 11.303432703018188, "_step": 9, "_wandb": {"runtime": 10}}