{"episode": 12385, "epsilon": 0, "ep_reward": 10.0, "timesteps": 10, "ep_reward_avg": 9.37, "_timestamp": 1718262744.5466063, "_runtime": 24.16810131072998, "_step": 12385, "_wandb": {"runtime": 23}}