{"timesteps": 200, "ep_reward": -392.4785050214878, "num_updates": 0, "episodes": 15, "_timestamp": 1717145307.3765023, "_runtime": 22.14612126350403, "_step": 15, "_wandb": {"runtime": 21}}