{"timesteps": 47, "ep_reward": -59.165414836461714, "num_updates": 0, "episodes": 500, "_timestamp": 1717139802.6117895, "_runtime": 178.20143151283264, "_step": 500, "_wandb": {"runtime": 177}}