{"timesteps": 200, "ep_reward": -412.7575294070674, "num_updates": 0, "episodes": 9, "_timestamp": 1717141575.0269253, "_runtime": 6.947661399841309, "_step": 9, "_wandb": {"runtime": 6}}